,course name,Number of students who purchased the course,The number of students who rated the course,The number of factors that took part in the creation of the course,Last updated date,the language of the course,The number of languages into which the course is translated,The number of languages for which the course has subtitles,price,Is the course on sale?,The number of episodes,Number of lectures in the course,Duration of each lecture,The name of the first lecturer,Number of followers of the first lecturer,The course number of the first lecturer,Average rating of all courses of the first lecturer,The name of the second lecturer,Number of followers of the second lecturer,The course number of the second lecturer,Average rating of all courses of the second lecturer,Does the course contain exercises?,Does the course contain exams?,Does the course contain a final exam?,Course rating
0,Data Science Kurs mit Excel,161,16,1,7.2019,German,1,1,349.90,1,9,46,3h 33m,Michael Meraner,490,3,4.0,null,null,null,null,0,0,0,3.9
1,Машинное обучение: регрессия и предсказание данных на Python,154,16,1,6.2021,Russian,1,0,349.90,1,8,37,7h 17m,Центр digital-профессий ITtensive,"2,264",22,4.0,null,null,null,null,1,0,0,4.0
2,Mathematics for Machine Learning & Data Science | Arabic,"2,838",16,1,8.2022,Arabic,1,0,69.90,1,3,8,5h 51m,Mohammed Agoor,"9,520",4,4.5,null,null,null,null,0,0,0,4.7
3,Python pour la Data Science et le Machine Learning: A à Z,"3,238",18,1,1.2023,French,1,1,209.90,1,15,153,4h 19m,Meta Brains,"339,861",32,4.2,null,null,null,null,0,0,0,4.4
4,Visualização da Dados Python e R: Data Science na Prática,270,16,2,3.2020,Portuguese,1,1,329.90,1,3,36,5h 54m,MSc Grimaldo Lopes | + 45.000 alunos de Oliveira,"46,770",165,4.4,"Diego Mariano, Ph.D.","701,751",36,4.6,0,0,0,4.2
5,Машинное обучение на Python. Метод линейной регрессии,86,16,2,10.2018,Russian,1,0,123.90,1,1,8,1h 34m,"Группа преподавателей Центра ""Специалист"" при МГТУ им. Баумана",766,9,4.2,Владислав Перлин,201,3,4.1,0,0,0,3.9
6,【한글자막】 스파크 스트리밍과 Scala 로 빅 데이터 스트리밍하기 (실전편),105,16,4,1.2022,Korean,1,1,329.90,1,9,37,6h 25m,Sundog Education by Frank Kane,"677,324",33,4.6,Frank Kane,"626,424",26,4.6,0,0,0,5.0
7,الذكاء الاصطناعي,49,16,1,6.2021,Arabic,1,0,105.90,1,8,24,6h 5m,BRADFORD-JO Academy,481,42,4.7,null,null,null,null,0,0,0,4.4
8,Prática Guiada - Titanic no Kaggle,97,16,1,10.2020,Portuguese,1,1,199.90,1,5,10,1h 19m,TecMorpheus Hypnos,750,3,4.6,null,null,null,null,0,0,0,4.6
9,Prédiction des séries temporelles en deep learning - Partie1,152,15,1,8.2021,French,1,1,429.90,1,6,58,7h 17m,Alexandre Bourrieau,565,10,4.6,null,null,null,null,0,0,0,4.7
10,Welcome2KI Teil 3: KI Deep Learning Projekte selbst umsetzen,131,15,1,5.2021,German,1,1,179.90,1,10,69,7h 49m,Bernhard Mayr,477,10,4.0,null,null,null,null,1,1,0,4.7
11,Python: Visualización de Datos con Matplotlib (Básico),"1,727",15,1,6.2022,Spanish,1,1,69.90,1,1,10,49m total,Camilo Medina,"9,920",8,4.4,null,null,null,null,0,0,0,3.9
12,習うより慣れよう Visual AI さわって覚える人工知能「ディープラーニング編」,162,15,1,8.2022,Japanese,1,1,69.90,1,6,47,2h 33m,内山 充康,"3,033",9,3.9,null,null,null,null,0,0,0,3.9
13,Kaggle - Veri Bilimi Alanında Daha İyi Bir Profil Oluşturun,71,15,1,1.2023,Turkish,1,0,699.90,1,8,19,2h 55m,Oak Academy,"275,374",256,4.5,null,null,null,null,1,0,0,5.0
14,Dashboard Analítico Passo-a-Passo em STREAMLIT e PYTHON,60,18,1,10.2022,Portuguese,1,1,69.90,1,8,41,4h 15m,Luiz Fabiano de Souza,"1,316",7,4.6,null,null,null,null,0,0,0,4.7
15,Introducción a los Algoritmos Heurísticos,163,14,1,4.2019,Spanish,1,0,209.90,1,9,32,1h 18m,Carlos Antonio Macías Duarte,"3,631",2,4.4,null,null,null,null,0,0,0,4.4
16,"Python w Data Science - NumPy, Pandas & Scikit-Learn",342,14,1,8.2022,Polish,1,0,69.90,1,42,362,1h 34m,Paweł Krakowiak,"247,964",86,4.5,null,null,null,null,0,1,0,5.0
17,Python-深度学习-物体检测实战,124,14,1,1.2020,Simplified Chinese,2,0,179.90,1,6,41,6h 24m,唐宇迪 唐,"4,022",24,4.4,null,null,null,null,0,0,0,3.9
18,强化学习实战系列(PyTorch版),149,14,1,9.2020,Simplified Chinese,2,0,179.90,1,11,89,10h 28m,唐宇迪 唐,"4,022",24,4.4,null,null,null,null,0,0,0,4.4
19,Data Mining without coding ~ Visual Programing ~ Orange3,76,14,1,12.2022,Traditional Chinese,2,0,89.90,1,5,14,4h 58m,Squall Wu,76,1,4.6,null,null,null,null,0,0,0,4.6
20,Google Data Studio. Анализ данных. Data Visualization.,65,14,1,11.2022,Russian,1,0,349.90,1,5,27,53m total,Andrew Borysenko,"25,816",41,3.3,null,null,null,null,0,0,0,3.3
21,Gerando Arquivos PDF com Python e ReportLab 2023,433,14,1,8.2021,Portuguese,1,1,69.90,1,1,6,1h 51m,Hugo Ferro,"1,371",10,4.7,null,null,null,null,0,0,0,4.9
22,Fundamentos de MLOps (Machine Learning Operations) Hands On,32,13,1,11.2022,Spanish,1,1,69.90,1,10,31,2h 31m,Data Bootcamp,"9,867",28,4.2,null,null,null,null,0,0,0,3.6
23,六小時學會資料科學,84,13,1,8.2021,Traditional Chinese,2,0,209.90,1,7,26,6h 44m,Cheng-Yuan Ho,283,6,4.2,null,null,null,null,0,0,0,3.9
24,【한글자막】 현대 인공지능 (AI) 마스터 클래스 : 6개의 프로젝트 구축하기,288,13,5,12.2021,Korean,1,1,349.90,1,8,90,15h 47m,"Dr. Ryan Ahmed, Ph.D., MBA","319,896",46,4.5,Ligency I Team,"2,287,209",148,4.6,0,0,0,5.0
25,Pack Complet data Analyse avec Excel & Python 2023,108,14,2,1.2023,French,1,1,249.90,1,6,139,11h 18m,Ing.Seif | Europe Innovation,"13,836",19,4.4,Dr. Firas | Europe Innovation,"27,761",44,4.4,1,0,0,4.0
26,Visualização de dados com Python,96,14,1,3.2022,Portuguese,1,1,69.90,0,7,126,10h 16m,Beta Analítica,96,1,5.0,null,null,null,null,0,0,0,5.0
27,Dijital İşletmeniz İçin Potansiyel Müşterilerinizi Bulun A-Z,"1,034",13,1,2.2022,Turkish,1,0,105.90,1,5,12,1h 17m,Onur Erdoğan,"8,402",3,4.5,null,null,null,null,0,0,0,4.1
28,Linguagem R e Shiny R: Caminho de GRANDES INSIGHTS nos Dados,380,12,2,6.2020,Portuguese,1,1,329.90,1,2,46,8h 2m,Juracy Araujo de Almeida Junior,"10,824",54,4.3,MSc Grimaldo Lopes | + 45.000 alunos de Oliveira,"46,770",165,4.4,0,0,0,4.6
29,はじめてのベイズ統計【PyMC3+Colab】-確率･統計の基礎からベイズ推定のPython実装まで-,327,14,1,1.2023,Japanese,1,1,329.90,1,6,35,4h 47m,我妻 幸長 Yukinaga Azuma,"108,366",30,4.2,null,null,null,null,0,0,0,4.5
30,【한글자막】 Python 을 사용한 데이터 시각화,220,13,4,12.2021,Korean,1,1,299.90,1,7,49,4h 27m,Jordan Sauchuk,"259,863",7,4.4,Ligency Team,"2,231,042",104,4.6,1,0,0,4.9
31,Surpac Sıfırdan Cevher Modelleme/ Ore Modelling using Surpac,33,12,1,11.2021,Turkish,1,0,349.90,0,1,13,2h 0m,Halil Şahin,33,1,4.3,null,null,null,null,0,0,0,4.3
32,Álgebra Linear com R para Machine Learning e Modelagens,97,13,1,1.2022,Portuguese,1,1,69.90,1,7,57,12h 57m,Luciano Galdino,"6,490",15,4.7,null,null,null,null,0,0,0,4.9
33,Deep Learning Avanzado para Computer Vision con TensorFlow,202,14,1,7.2022,Spanish,1,1,209.90,1,14,105,21h 35m,Francisco Reales,"1,435",2,4.5,null,null,null,null,0,0,0,4.8
34,"R言語によるデータサイエンス【データ操作, 最短習得コース】 (2021, tidyverse+α, 基礎+応用)",137,13,1,5.2021,Japanese,1,0,319.90,1,14,126,5h 4m,Ringa hyj,179,2,3.6,null,null,null,null,0,0,0,3.8
35,Análisis De Datos Con Matlab. Programación En Matlab,463,12,1,1.2021,Spanish,1,1,349.90,1,5,20,2h 26m,Jhonny Alexander Jaimes Carvajal,"5,698",13,4.0,null,null,null,null,1,0,0,3.6
36,Workshop Teknik Visualisasi Data dengan Power BI,36,12,1,7.2022,Indonesian,1,0,105.90,1,6,36,3h 6m,Jubilee Enterprise,"15,101",105,4.7,null,null,null,null,1,0,0,4.7
37,【文部科学大臣表彰の工学博士が指導】Pythonで体系的に学ぶデータサイエンスとAIの初歩 Vol.1 暗号・関数と微分,183,12,1,11.2022,Japanese,1,1,349.90,1,64,115,10h 26m,平山 雄三,721,12,4.4,null,null,null,null,0,0,0,4.6
38,Альтернатива Excel: работа с данными в KNIME,39,12,1,8.2021,Russian,1,0,89.90,1,4,16,3h 8m,Alexey Mokhnatkin,39,1,4.4,null,null,null,null,1,0,1,4.4
39,파이썬(Python) 실무 데이터 분석 프로젝트 - 머신러닝 with 사이킷런(scikit-learn),123,12,1,6.2022,Korean,1,0,319.90,0,6,78,10h 41m,마소캠퍼스 머니매그넷,"2,064",50,4.7,null,null,null,null,0,0,1,4.7
40,【한글자막】 Deep Reinforcement Learning :딥 강화형 러닝 2.0,118,12,4,12.2021,Korean,1,1,399.90,1,8,63,9h 37m,Hadelin de Ponteves,"1,651,989",42,4.5,Ligency I Team,"2,287,209",148,4.6,0,0,0,4.9
41,PythonではじめるSQL入門〜ゼロからはじめてウィンドウ関数まで〜,101,11,1,9.2021,Japanese,1,1,69.90,1,8,38,2h 3m,西 潤史郎,101,1,3.9,null,null,null,null,0,0,0,3.9
42,Aplicaciones de Data Science: Text Mining-NLP & Data Mining,"1,050",11,1,1.2022,Spanish,1,1,69.90,1,4,19,1h 52m,Pedro Daniel Alcalá Rojas,"67,853",33,4.4,null,null,null,null,0,0,0,4.6
43,Impresión 3D y Análisis de Piezas.,131,11,1,10.2021,Spanish,1,1,69.90,1,3,23,2h 27m,Francisco Olivares,131,1,4.2,null,null,null,null,0,0,0,4.2
44,Machine Learning da zero con Python,65,11,1,9.2020,Italian,1,1,249.90,1,8,52,7h 1m,Giovanni Bonaventura,"24,120",15,3.8,null,null,null,null,0,0,0,3.6
45,Introduzione all'Intelligenza Artificiale,68,13,1,5.2022,Italian,1,1,279.90,1,5,23,3h 15m,Maria Lanzara,68,1,3.7,null,null,null,null,0,0,0,3.7
46,データサイエンスのためのストリーミング前処理入門　PythonとSparkで始めるビッグデータストリーミング処理入門,144,11,1,7.2022,Japanese,1,1,105.90,1,8,36,2h 12m,Yuki Saito,822,11,4.4,null,null,null,null,1,0,1,4.5
47,Bootcamp Lengkap Data Science 2022,58,13,1,7.2022,Indonesian,1,0,459.90,1,51,308,28h 37m,Aditya Putri Pertiwi,58,1,3.6,null,null,null,null,0,0,0,3.6
48,SQL- Formation complète de A à Z sous MySQL,213,12,1,11.2021,French,1,1,105.90,1,7,94,10h 32m,Ahmed Bentajer,"3,482",3,4.3,null,null,null,null,0,0,0,4.6
49,Power BI para Data Science e Analytics,49,10,1,8.2022,Portuguese,1,1,69.90,1,6,83,10h 8m,Pedro Alves,245,5,4.6,null,null,null,null,0,0,0,4.5
50,Estructuras de datos: listas dinámicas y punteros con Java,57,11,1,11.2021,Spanish,1,1,105.90,1,5,30,3h 8m,Jose Ciccio,644,2,4.9,null,null,null,null,0,0,0,5.0
51,Data Science - علوم البيانات,42,10,1,4.2019,Arabic,1,0,123.90,1,8,25,5h 14m,OUMOUSS EL MEHDI,157,2,3.8,null,null,null,null,0,0,0,3.9
52,Python para Marketing Digital,63,10,2,1.2022,Spanish,1,1,349.90,1,6,44,6h 29m,Kevin Meneses González,"26,104",20,3.8,Giovanni Bonaventura,"24,120",15,3.8,0,0,0,4.0
53,Data science y machine learning en Python: modelos lineales,70,10,1,1.2023,Spanish,1,1,699.90,1,10,133,12h 17m,Escape Velocity Labs,"6,094",11,4.6,null,null,null,null,0,0,0,4.9
54,Análise de Sentimentos do Twitter com ML e DL na prática,57,10,1,2.2022,Portuguese,1,0,69.90,1,8,51,8h 37m,Dinarth Souto Júnior,711,2,4.5,null,null,null,null,0,0,0,4.5
55,Машинное обучение без учителя на Python: полный курс,139,10,1,1.2022,Russian,1,0,349.90,1,16,99,12h 29m,Центр digital-профессий ITtensive,"2,264",22,4.0,null,null,null,null,1,0,0,4.6
56,Curso de Python para Data Science | Crie Um Projeto do Zero,65,12,1,1.2023,Portuguese,1,1,69.90,1,4,20,6h 5m,Josué Gimenes,"26,121",3,4.7,null,null,null,null,0,1,0,4.7
57,Bayesian Statistics: Generalized Linear Models with R,52,9,1,1.2021,Portuguese,1,1,279.90,1,5,48,5h 38m,André Marques,864,10,4.5,null,null,null,null,0,0,0,4.8
58,Derinlemesine Python 3 : AI Machine Learning,145,9,1,3.2021,Turkish,1,0,159.90,1,10,43,17h 27m,Önder Teker,"1,309",18,4.5,null,null,null,null,0,0,0,4.7
59,강화학습 기초,73,9,1,10.2017,Korean,1,0,299.90,0,7,16,1h 2m,광성 최,204,2,3.5,null,null,null,null,0,0,0,3.3
60,Curso Básico: Fundamentos de Inteligência Artificial,50,9,1,2.2020,Portuguese,1,1,329.90,1,11,37,2h 11m,Christian Moura dos Santos,"1,266",4,3.9,null,null,null,null,0,0,0,3.2
61,Derinlemesine Python 2 : Data Science,93,9,1,3.2021,Turkish,1,0,123.90,1,16,86,19h 16m,Önder Teker,"1,309",18,4.5,null,null,null,null,0,0,0,4.1
62,Machine Learning: Clusterização com Linguagem Python,185,12,1,6.2022,Portuguese,1,0,69.90,1,4,31,6h 42m,Caio Avelino,"6,436",5,4.7,null,null,null,null,0,0,0,4.4
63,Arte com Inteligência Artificial Usando Stable Diffusion,39,10,1,10.2022,Portuguese,1,0,69.90,1,2,8,1h 8m,Rodrigo Favarete,39,1,4.2,null,null,null,null,0,0,0,4.2
64,Prédiction des séries temporelles en deep learning - Partie2,129,9,1,8.2021,French,1,1,429.90,1,8,90,9h 42m,Alexandre Bourrieau,565,10,4.6,null,null,null,null,0,0,0,4.8
65,Machine Learning: Otimização de Hiperparâmetros com Python,63,9,1,10.2022,Portuguese,1,1,69.90,1,7,58,10h 14m,Luciano Galdino,"6,490",15,4.7,null,null,null,null,0,0,0,4.8
66,Detecção e Reconhecimento Facial com Python,191,9,3,1.2023,Portuguese,1,1,69.90,1,4,64,8h 36m,Jones Granatyr,"162,810",89,4.6,Gabriel Alves,"44,480",14,4.6,0,0,0,4.6
67,الانحدار الخطي بأستخدام بايثون و الذكاء الاصطناعي,13,9,1,9.2021,Arabic,1,0,123.90,1,6,8,1h 28m,Omar Amil Hazzaa,13,1,5.0,null,null,null,null,0,0,0,5.0
68,Машинное зрение: локализация объектов на Python,49,9,1,12.2020,Russian,1,0,349.90,1,6,20,2h 54m,Центр digital-профессий ITtensive,"2,264",22,4.0,null,null,null,null,1,0,0,3.2
69,Practical Deep Learning: Geolocalizzazione indoor (Italiano),118,9,1,9.2019,Italian,1,1,69.90,1,9,42,5h 40m,Massimiliano D'Amico,118,1,4.5,null,null,null,null,0,0,0,4.5
70,Python机器学习实验集锦（算法核心知识点实验分析）,141,8,1,1.2020,Simplified Chinese,2,0,179.90,1,10,83,13h 29m,唐宇迪 唐,"4,022",24,4.4,null,null,null,null,0,0,0,4.5
71,Sem Segredos com SQL na Prática e Ferramenta BI ORACLE,280,8,2,3.2020,Portuguese,1,1,349.90,1,4,89,11h 39m,Juracy Araujo de Almeida Junior,"10,824",54,4.3,MSc Grimaldo Lopes | + 45.000 alunos de Oliveira,"46,770",165,4.4,0,0,0,4.3
72,Credit Score - Módulo 2: Boosting em python,65,8,1,5.2021,Portuguese,1,0,69.90,1,1,15,2h 9m,Rodolfo Augusto da Silva Arruda,788,2,4.8,null,null,null,null,0,0,0,4.7
73,중간관리자가 꼭 알아야 하는 머신러닝과 빅데이터 기법,56,9,1,7.2022,Korean,1,0,399.90,1,4,19,3h 25m,클룸 (CLOOM),852,17,4.8,null,null,null,null,0,0,0,4.9
74,เรียน Python Data Structures and Algorithms ฉบับปูพื้นฐาน,105,9,1,9.2022,Thai,1,0,329.90,1,14,73,19h 33m,Todsapon Banklongsi,917,20,4.6,null,null,null,null,0,0,0,4.5
75,"AIへまっしぐら！Pythonアニマルズ : Go Ahead to AI, Python Animals!",211,8,1,7.2018,Japanese,1,1,349.90,1,8,49,5h 1m,松浦 健一郎,211,1,4.0,null,null,null,null,1,0,0,4.0
76,『Rの基礎から機械学習まで一気に学ぼう！』 | R言語 Rstudio講座,41,8,1,11.2021,Japanese,1,1,69.90,1,6,28,2h 6m,@Sotsog Base,99,2,4.0,null,null,null,null,0,0,0,3.9
77,Python ile Deep Learning ve Projeleri,77,8,1,12.2020,Turkish,1,0,349.90,1,10,57,8h 10m,Eternal Team,77,1,3.8,null,null,null,null,0,0,0,3.8
78,R e R Studio: análise de dados para pesquisadores iniciantes,34,8,2,7.2022,Portuguese,1,1,139.90,1,8,40,5h 58m,Marcus Oliveira,"39,637",22,4.6,Guilherme Queiroz,"39,511",28,4.6,0,0,0,4.3
79,【初心者・初級者向け】SQL・データ分析入門-bigquery×ハンズオン形式でスキルアップ-,25,9,1,12.2022,Japanese,1,1,459.90,1,21,97,4h 32m,Okawa Yoshimi,25,1,4.8,null,null,null,null,0,0,0,4.9
80,Introdução às Aplicações Com Inteligência Artificial,46,10,1,1.2023,Portuguese,1,0,139.90,1,11,49,2h 41m,Marcellus Amadeus,46,1,4.8,null,null,null,null,0,0,0,4.8
81,【한글자막】 R 프로그래밍: Data Science 에서의 R 고급 분석,75,8,3,12.2021,Korean,1,10,299.90,1,5,53,6h 0m,Kirill Eremenko,"2,282,965",59,4.5,Ligency Team,"2,231,042",104,4.6,1,0,0,4.8
82,【한글자막】 Python 의 모든 것: 실전 문제로 배우는 파이썬,83,8,3,12.2021,Korean,1,2,299.90,1,8,75,11h 13m,Kirill Eremenko,"2,282,965",59,4.5,Ligency Team,"2,231,042",104,4.6,1,0,0,4.8
83,Machine learning verstehen OHNE Python oder R,508,8,1,3.2022,German,1,0,89.90,1,9,33,2h 30m,Andreas Wiese,605,2,4.0,null,null,null,null,1,0,0,3.9
84,深度学习-语音识别实战（基于PyTorch）,112,7,1,9.2020,Simplified Chinese,2,0,209.90,1,12,102,12h 50m,唐宇迪 唐,"4,022",24,4.4,null,null,null,null,0,0,0,4.1
85,코드리스 데이터 분석,30,7,1,11.2021,Korean,1,0,429.90,1,1,11,4h 43m,에이블런 ABLEARN,206,4,4.7,null,null,null,null,0,0,0,5.0
86,Машинное обучение: классификация и ансамбли на Python,61,7,1,6.2021,Russian,1,0,349.90,1,10,56,8h 46m,Центр digital-профессий ITtensive,"2,264",22,4.0,null,null,null,null,1,0,0,3.8
87,【実戦で学ぶ基盤構築】ローカル端末で作り理解するエンジニアのための機械学習基盤の作成とMLOps,54,7,1,8.2022,Japanese,1,1,105.90,1,5,22,1h 22m,Yuki Saito,822,11,4.4,null,null,null,null,1,0,0,4.6
88,YOLOv5目标检测：原理与源码解析,43,7,1,12.2021,Simplified Chinese,2,0,105.90,1,12,38,10h 40m,Frank BAI,178,23,4.3,null,null,null,null,0,0,0,4.2
89,"완전 초보자, 매력적인  R 차트 쉽게 만들기",41,7,1,9.2020,Korean,1,0,199.90,1,3,13,1h 53m,김지형 M.D.,"2,363",31,4.6,null,null,null,null,0,0,0,4.7
90,Python と JavaScript による機械学習アプリケーション公開入門【ONNX・Render】,67,8,1,11.2022,Japanese,1,0,69.90,1,9,54,3h 30m,しま (大嶋勇樹),"2,288",5,4.5,null,null,null,null,0,0,0,4.9
91,Регулярные выражения в Python,30,7,1,4.2020,Russian,1,0,123.90,1,3,15,1h 6m,Центр digital-профессий ITtensive,"2,264",22,4.0,null,null,null,null,1,0,0,3.9
92,Comprendre l'Intelligence Artificielle,133,8,1,8.2020,French,1,1,69.90,1,7,21,1h 24m,Gaël MENOU,455,3,4.3,null,null,null,null,0,0,0,4.4
93,Pemrograman R Solusi Mudah Mengolah Data untuk Orang Awam,24,7,1,2.2021,Indonesian,1,0,105.90,1,6,29,1h 43m,Jubilee Enterprise,"15,101",105,4.7,null,null,null,null,1,1,0,4.3
94,Streamlit : Déployer son app de Machine Learning sur le web,30,8,1,10.2022,French,1,1,139.90,1,8,25,4h 39m,Pierre-louis Danieau,30,1,4.7,null,null,null,null,1,0,0,4.7
95,Python & Deep Learning & IA : reconnaissance d'images,81,8,1,3.2021,French,1,1,349.90,1,6,28,4h 38m,steve Tsopte,"2,031",7,4.4,null,null,null,null,0,0,0,4.6
96,Deployment of Machine Learning Models,169,8,1,8.2022,Arabic,1,0,69.90,1,5,51,10h 4m,Coursat.ai Dr. Ahmad ElSallab,"1,737",6,4.7,null,null,null,null,0,0,0,4.1
97,Python自动化办公+数据爬虫+可视化Web站点,65,7,1,4.2021,Simplified Chinese,2,0,69.90,1,13,257,42h 10m,松 胡,"6,691",5,4.0,null,null,null,null,0,0,0,3.8
98,Initiation rapide à l'intelligence artificielle en Python,51,6,1,4.2022,French,1,1,259.90,1,4,13,1h 33m,Alexandre Bourrieau,565,10,4.6,null,null,null,null,0,0,0,4.3
99,【デジタル社会の「読み・書き・そろばん」】AI・データサイエンス基礎講座～リテラシーレベル～　②基礎編,139,6,1,3.2021,Japanese,1,1,249.90,1,4,38,3h 0m,三谷 慶一郎,338,5,4.2,null,null,null,null,0,0,0,4.6
100,【デジタル社会の「読み・書き・そろばん」】AI・データサイエンス基礎講座～リテラシーレベル～　③心得編,121,6,1,3.2021,Japanese,1,1,249.90,1,3,21,2h 3m,三谷 慶一郎,338,5,4.2,null,null,null,null,0,0,0,4.3
101,"Mastering Numpy,Pandas and MatplotLib-Data Manipulation Tool","2,014",7,1,1.2022,Hindi,1,0,619.90,1,7,32,5h 30m,Rakesh Roshan,"29,268",4,4.4,null,null,null,null,0,0,0,4.3
102,Machine Learning: Regression using python in Tamil(தமிழில்),20,6,1,10.2019,Tamil,1,0,105.90,1,5,38,3h 51m,Ramisha Rani K,51,2,3.5,null,null,null,null,1,0,0,3.8
103,비트코인 암호화폐 자동매매 코인봇 만들기 Part 1,23,6,1,11.2022,Korean,1,0,699.90,0,23,74,10h 54m,AISchool 에이아이스쿨,70,4,4.8,null,null,null,null,0,0,0,5.0
104,R-Analyst - Lerne die statistische Programmiersprache R,12,7,1,11.2022,German,1,0,499.90,0,7,31,8h 35m,Christian Müller-Kett,187,5,4.6,null,null,null,null,0,0,0,5.0
105,Dados de saúde pública com Python,302,6,1,9.2022,Portuguese,1,1,69.90,1,3,18,1h 30m,Andre Jarenkow,302,1,5.0,null,null,null,null,0,0,0,5.0
106,NLU - Natural Language Understanding mit PyTorch und Fastai,100,6,1,5.2021,German,1,1,123.90,1,3,33,3h 5m,Bernhard Mayr,477,10,4.0,null,null,null,null,0,0,0,4.1
107,直感！深層学習　７ステップで作る Python AI 株価予測,80,7,1,11.2022,Japanese,1,1,89.90,1,10,42,5h 49m,経知 神草,"1,075",5,3.9,null,null,null,null,0,0,0,3.7
108,Google Cloud Big Data and Machine Learnig Español,64,6,1,10.2021,Spanish,1,1,249.90,1,6,63,5h 28m,Synergy Tecnologia,"4,180",11,4.6,null,null,null,null,0,0,1,4.0
109,【한글자막】 재무 분석을 위한 Python 및 Machine Learning 완벽가이드,183,7,5,12.2021,Korean,1,1,349.90,1,20,131,23h 1m,"Dr. Ryan Ahmed, Ph.D., MBA","319,896",46,4.5,Ligency I Team,"2,287,209",148,4.6,0,0,0,4.6
110,Microsoft Power BI. Power BI. DAX. Data Visualization,16,6,1,11.2022,Russian,1,0,349.90,1,5,24,48m total,Andrew Borysenko,"25,816",41,3.3,null,null,null,null,0,0,0,2.5
111,深度学习模型部署与剪枝优化实例,129,6,1,6.2020,Simplified Chinese,2,0,179.90,1,9,72,8h 35m,唐宇迪 唐,"4,022",24,4.4,null,null,null,null,0,0,0,4.7
112,Formación en ciencia de datos con R,19,6,1,10.2021,Spanish,1,1,69.90,1,5,17,3h 20m,Charles Santana,"45,919",2,4.3,null,null,null,null,0,0,0,4.6
113,Inteligência Artificial com Python NATIVO,37,6,1,7.2020,Portuguese,1,1,699.90,0,14,117,16h 20m,Ben-Hur Varriano,"2,668",12,4.2,null,null,null,null,0,0,0,4.9
114,Machine Learning : Le guide complet version 2023,32,6,2,1.2023,French,1,1,69.90,1,7,82,6h 4m,E-Learning Innovation | Formateur certifié (France),"6,419",26,4.4,Mohamed Borhen triki / Digit Talk,130,11,4.2,1,0,0,4.2
115,Microsoft Power BI for beginners in Urdu/Hindi,20,6,1,7.2020,Urdu,1,0,69.90,1,6,20,2h 9m,Sybrid Academy,20,1,4.6,null,null,null,null,0,0,0,4.6
116,DataOps com Streamsets,35,5,1,10.2022,Portuguese,1,0,69.90,1,5,23,3h 5m,Rodrigo Macedo,"2,415",7,4.7,null,null,null,null,0,0,0,4.0
117,เรียน Python Data Wrangling Programming สำหรับ Data Science,62,5,1,5.2022,Thai,1,0,329.90,1,4,15,13h 27m,Todsapon Banklongsi,917,20,4.6,null,null,null,null,0,0,0,4.7
118,Python Uygulamalı Endüstri 4.0 Projeleri,24,5,1,10.2022,Turkish,1,0,69.90,1,2,13,3h 49m,Alper Ersin Balcı,24,1,5.0,null,null,null,null,0,0,0,5.0
119,R Programming: De Principiante a Avanzado,"3,036",5,2,11.2022,Spanish,1,1,349.90,1,14,76,7h 59m,Numpi Cursos,"393,298",43,4.4,Jorge Alberto Chavez Sarmiento,"19,185",5,4.6,0,0,0,4.5
120,R로 배우는 데이터 분석 첫 걸음,31,5,1,12.2021,Korean,1,0,399.90,0,12,49,14h 16m,마소캠퍼스 머니매그넷,"2,064",50,4.7,null,null,null,null,0,0,0,5.0
121,"Визуализация данных в Python: области, тренды, картограммы",40,5,1,11.2019,Russian,1,0,209.90,1,4,12,1h 53m,Центр digital-профессий ITtensive,"2,264",22,4.0,null,null,null,null,1,0,0,3.1
122,Maîtriser Python pour la Data Science (IA),67,5,1,12.2020,French,1,1,349.90,1,10,87,6h 55m,Gaël MENOU,455,3,4.3,null,null,null,null,1,0,0,4.5
123,Geostatistiker - Räumliche Datenanalyse mit R,17,5,1,9.2022,German,1,0,319.90,0,7,14,8h 29m,Christian Müller-Kett,187,5,4.6,null,null,null,null,0,0,0,4.7
124,Curso python para ciencia de datos,126,5,1,7.2022,Spanish,1,1,123.90,1,10,61,10h 25m,Julio Vicente Guadarrama-Olvera,380,2,4.7,null,null,null,null,0,0,0,4.9
125,Derinlemesine Python 4 : AI Natural Language Processing,74,4,1,4.2021,Turkish,1,0,159.90,1,13,49,16h 43m,Önder Teker,"1,309",18,4.5,null,null,null,null,0,0,0,3.8
126,【文部科学大臣表彰の工学博士が指導】Pythonで体系的に学ぶデータサイエンスとAIの初歩 Vol.3 線形代数・PCA,161,4,1,7.2022,Japanese,1,1,349.90,1,36,106,9h 38m,平山 雄三,721,12,4.4,null,null,null,null,0,0,0,4.4
127,Machine Learning para principiantes,179,4,1,1.2022,Spanish,1,1,69.90,1,7,7,33m total,Luis Guevara Matias,"19,523",427,3.4,null,null,null,null,0,0,0,4.5
128,Les notions fondamentales de Python pour la data science,575,4,1,9.2021,French,1,1,69.90,1,33,223,18h 17m,Sage Kataliko,575,1,4.2,null,null,null,null,1,0,0,4.2
129,Déployer un Portail de Données Ouvertes en Local avec CKAN,20,4,1,5.2022,French,1,1,69.90,1,5,13,2h 5m,Soka Wakata,"11,211",17,4.2,null,null,null,null,0,0,0,3.6
130,통계 분석 마스터 클래스 : 확률과 추론,14,4,1,10.2022,Korean,1,0,299.90,0,15,54,9h 17m,마소캠퍼스 머니매그넷,"2,064",50,4.7,null,null,null,null,0,0,0,5.0
131,R을 이용한 데이터 분석,31,4,1,7.2022,Korean,1,0,399.90,1,4,19,4h 51m,클룸 (CLOOM),852,17,4.8,null,null,null,null,0,0,0,5.0
132,Spark und PySpark - ein einfacher Crashkurs,32,4,1,11.2020,German,1,1,105.90,1,5,15,2h 59m,Cedric Mössner,"21,368",42,4.0,null,null,null,null,0,0,0,4.4
133,Data science en Python,884,4,1,2.2022,Spanish,1,1,69.90,1,5,5,1h 10m,Luis Guevara Matias,"19,523",427,3.4,null,null,null,null,0,0,0,1.7
134,Mempelajari Algoritma,29,4,1,7.2020,Indonesian,1,0,179.90,1,6,22,3h 12m,KODE by Hacktiv8,"8,765",74,4.6,null,null,null,null,1,0,0,4.5
135,Deep Learning & künstliche Intelligenz in der Medizin fastai,70,4,1,5.2021,German,1,1,123.90,1,8,41,3h 6m,Bernhard Mayr,477,10,4.0,null,null,null,null,1,0,0,4.2
136,Data Science et Machine Learning avec Python en 4h (2023),31,4,1,11.2022,French,1,1,429.90,1,7,40,4h 5m,"Favrett | Data Science, Machine Learning, Editing","6,125",6,4.5,null,null,null,null,0,0,0,4.3
137,A dan Z ye Python Programlama ve Yapay Zeka,34,4,1,12.2020,Turkish,1,0,105.90,0,1,34,7h 32m,Oğuz Özger,34,1,4.4,null,null,null,null,0,0,0,4.4
138,"Data Engineering con Spark para Big Data: SQL, Delta Lakes",51,6,1,10.2022,Spanish,1,1,69.90,1,6,31,2h 21m,Data Bootcamp,"9,868",28,4.2,null,null,null,null,0,0,0,4.1
139,【文部科学大臣表彰の工学博士が指導】Pythonで体系的に学ぶデータサイエンスとAIの初歩 Vol.2 確率・ベイズ統計,159,4,1,7.2022,Japanese,1,1,349.90,1,33,91,8h 12m,平山 雄三,721,12,4.4,null,null,null,null,0,0,0,4.2
140,Hands-On AWS S3 mit Boto3 (AWS SDK / Python) 01/23,9,4,1,9.2022,German,1,0,399.90,1,15,63,5h 25m,Stefan Lippl,461,3,4.4,null,null,null,null,0,0,0,4.7
141,Introdução à Ciência de Dados na Prática com Python,49,5,1,9.2022,Portuguese,1,1,299.90,1,11,67,31h 19m,Jefferson Silva Almeida,358,9,4.2,null,null,null,null,0,0,0,4.6
142,Inteligencia Artificial y Big Data,"1,305",4,1,10.2022,Spanish,1,1,69.90,1,5,5,51m total,Luis Guevara Matias,"19,523",427,3.4,null,null,null,null,0,0,0,4.0
143,Derinlemesine Python 5 : AI Computer Vision,78,3,1,4.2021,Turkish,1,0,159.90,1,10,44,16h 18m,Önder Teker,"1,309",18,4.5,null,null,null,null,0,0,0,5.0
144,Python ile Kripto Paralarda Algoritmik Trade,5,3,1,10.2022,Turkish,1,0,639.90,0,12,42,10h 13m,Egemen YILDIRIM,51,3,4.8,null,null,null,null,0,0,0,4.2
145,UNet（PyTorch）图像语义分割实战：训练自己的数据集,21,3,1,1.2022,Simplified Chinese,2,0,105.90,1,5,10,2h 22m,Frank BAI,178,23,4.3,null,null,null,null,0,0,0,4.1
146,Les fondamentaux de NumPy,5,3,1,10.2022,French,1,0,89.90,1,3,13,1h 26m,Maxime Vandegar,"1,235",25,4.5,null,null,null,null,0,0,0,4.2
147,통계 분석 마스터 클래스 : 회귀분석과 실전 프로젝트,13,3,1,10.2022,Korean,1,0,299.90,0,8,32,10h 45m,마소캠퍼스 머니매그넷,"2,064",50,4.7,null,null,null,null,0,0,0,5.0
148,【文部科学大臣表彰の工学博士が指導】Pythonで体系的に学ぶデータサイエンスとAIの初歩 Vol.4 ブロックチェーン,142,3,1,7.2022,Japanese,1,1,349.90,1,22,99,9h 15m,平山 雄三,721,12,4.4,null,null,null,null,0,0,0,4.3
149,【文部科学大臣表彰の工学博士が指導】Pythonで体系的に学ぶデータサイエンスとAIの初歩 Vol.4 ブロックチェーン,142,3,1,7.2022,Japanese,1,1,349.90,1,22,99,9h 15m,平山 雄三,721,12,4.4,null,null,null,null,0,0,0,4.3
150,【普段のエクセル作業時間をショートカット】xlwingsでエクセルとPythonを合体,48,3,1,4.2022,Japanese,1,1,699.90,1,8,24,4h 10m,水口 真,975,9,4.5,null,null,null,null,0,0,0,4.0
151,Python per l'analisi dei dati e il Machine Learning,24,3,1,11.2022,Italian,1,1,105.90,0,7,46,6h 3m,Nicola Iantomasi,379,8,4.7,null,null,null,null,0,0,0,4.5
152,赵强老师：BigData 电商大数据项目实战(Hadoop+Spark)系列课程（5）,24,3,1,1.2019,Simplified Chinese,2,0,179.90,1,4,13,5h 27m,赵渝强 老师,351,17,4.6,null,null,null,null,0,0,0,4.8
153,Introduction à l'intelligence artificielle,6,5,1,11.2022,French,1,0,349.90,1,5,10,1h 53m,Maxime Vandegar,"1,235",25,4.5,null,null,null,null,0,0,0,4.3
154,解剖深度学习原理,30,3,1,9.2020,Simplified Chinese,2,0,139.90,1,11,74,51h 56m,hw dong,112,3,3.5,null,null,null,null,0,0,0,3.5
155,Neuronale Netze Optimieren und Evaluieren mit Tensorflow 2,142,3,1,1.2021,German,1,1,349.90,1,10,73,9h 48m,Saif Al-Dilaimi,"9,827",5,4.0,null,null,null,null,0,0,0,5.0
156,スクラッチから始めるAI入門：畳み込みニューラルネット解説編,52,3,1,3.2019,Japanese,1,1,279.90,1,13,135,3h 57m,Toshiteru Homma,689,2,3.3,null,null,null,null,1,0,0,2.9
157,AIoT物联网MQTT+SpringBoot2+Emqx整合,10,3,1,10.2020,Simplified Chinese,2,0,69.90,1,2,22,2h 29m,首席架构师 Java,92,6,3.6,null,null,null,null,0,0,0,4.0
158,Tableau Desktop - Básico,5,3,2,8.2022,Portuguese,1,0,69.90,1,3,24,8h 4m,Alexandre Andrade,15,2,4.8,Laís Mendes Gonçalves,5,1,4.4,0,0,0,4.4
159,NLP con Python: Procesamiento de Lenguaje Natural con Python,52,3,2,11.2022,Spanish,1,1,639.90,1,10,128,12h 37m,Sebastian Tunnell,"29,255",38,4.4,Lisandro A. Cesaratto,203,2,4.2,0,0,0,3.4
160,Open Office para las organizaciones,"1,135",3,1,11.2022,Spanish,1,1,69.90,1,5,5,45m total,Luis Guevara Matias,"19,523",427,3.4,null,null,null,null,0,0,0,4.0
161,Spark y Scala en Databricks: Big Data e ingeniería de datos,37,5,1,10.2022,Spanish,1,1,89.90,1,10,84,10h 46m,José Miguel Moya,776,3,4.5,null,null,null,null,0,0,0,4.5
162,邏輯思考應用：3.程式應用與實務,27,3,3,4.2020,Traditional Chinese,2,1,69.90,1,6,47,5h 53m,致理 磨課師,"1,524",12,4.4,曹祥雲,993,3,4.2,1,0,0,4.5
163,Fundamentos de Data Science e Machine Learning,38,3,1,12.2022,Portuguese,1,1,69.90,1,19,169,20h 51m,Lucas Moda,"1,078",3,4.7,null,null,null,null,0,0,0,5.0
164,파이썬을 이용한 데이터 분석,38,3,1,7.2022,Korean,1,0,399.90,1,4,19,5h 17m,클룸 (CLOOM),852,17,4.8,null,null,null,null,0,0,0,5.0
165,Redes Neuronales con Inteligencia Artificial,639,3,1,11.2022,Spanish,1,1,69.90,1,5,5,48m total,Luis Guevara Matias,"19,523",427,3.4,null,null,null,null,0,0,0,3.5
166,Text Mining. Основи та прикладні задачі,9,3,1,8.2022,Ukrainian,1,0,179.90,1,8,46,2h 15m,Maksym Lupei PhD,104,2,4.3,null,null,null,null,0,0,0,5.0
167,[OpenCV] 파이썬 딥러닝 영상처리 프로젝트 - 손흥민을 찾아라!,30,3,1,7.2022,Korean,1,0,279.90,1,8,36,7h 5m,Jonathan Suh,486,7,4.3,null,null,null,null,0,0,0,4.1
168,Big Data con MongoDB,"1,546",5,1,10.2022,Spanish,1,1,69.90,1,5,5,37m total,Luis Guevara Matias,"19,523",427,3.4,null,null,null,null,0,0,0,3.2
169,Azure Data Factory desde cero,8,3,1,4.2022,Spanish,1,1,69.90,1,1,12,54m total,Datapath .,"48,331",16,4.0,null,null,null,null,0,0,0,3.7
170,Iniciando na Visualização de Dados com Python,5,3,1,10.2022,Portuguese,1,1,69.90,1,3,18,7h 15m,Jefferson Silva Almeida,358,9,4.2,null,null,null,null,0,0,0,4.6
171,Машинное обучение с подкреплением на Python,26,3,1,12.2022,Russian,1,0,639.90,1,12,42,5h 40m,Центр digital-профессий ITtensive,"2,264",22,4.0,null,null,null,null,1,0,0,4.6
172,KNIME NODE'S (Temel Kullanıcı Eğitimi),24,2,1,7.2022,Turkish,1,0,139.90,1,2,37,2h 31m,Ömer Tuygun,24,1,5.0,null,null,null,null,0,0,0,5.0
173,Bigdata con Apache Hadoop,"1,455",2,1,10.2022,Spanish,1,1,69.90,1,5,5,40m total,Luis Guevara Matias,"19,523",427,3.4,null,null,null,null,0,0,0,2.5
174,Machine Learning Moderno,"1,260",2,1,11.2022,Spanish,1,1,69.90,1,5,5,35m total,Luis Guevara Matias,"19,523",427,3.4,null,null,null,null,0,0,0,2.1
175,데이터사이언스 훈련소 - 웹크롤링을 활용한 분석실습,9,2,2,6.2022,Korean,1,0,299.90,0,9,28,7h 21m,Letuin EDU,197,10,4.9,넥스트플래그 nextflag,52,7,4.9,0,0,0,5.0
176,Введение в машинное обучение,22,2,1,6.2021,Russian,1,0,299.90,1,5,24,3h 23m,Центр digital-профессий ITtensive,"2,264",22,4.0,null,null,null,null,1,0,0,2.8
177,Impara R e la Visualizzazione dei Dati tramite Grafici,17,2,1,10.2020,Italian,1,0,69.90,1,8,37,2h 35m,Michael Saccol,672,7,3.7,null,null,null,null,0,0,0,3.0
178,Machine Learning con Python,10,2,1,8.2021,Italian,1,0,399.90,1,17,88,5h 49m,I-tech DS,439,15,3.7,null,null,null,null,0,0,0,3.3
179,Aprenda Python do zero para Engenheiro de Dados,14,2,1,6.2022,Portuguese,1,1,139.90,1,1,24,4h 35m,Vinicius Vale,"1,412",9,4.2,null,null,null,null,0,0,0,5.0
180,Micro Curso OML4SQL - Oracle Machine Learning for SQL,193,2,1,9.2021,Portuguese,1,1,69.90,1,4,15,52m total,Marcelo Reis Bohrer,472,3,4.0,null,null,null,null,0,0,0,3.7
181,IA: Algorithmes de recherche de chemin avec python,11,2,1,5.2022,French,1,0,69.90,1,5,10,1h 11m,Maxime Vandegar,"1,235",25,4.5,null,null,null,null,0,0,0,5.0
182,Convolutional Neural Networks - Hinter den Kulissen,30,2,1,6.2022,German,1,1,123.90,1,3,24,2h 2m,Bernhard Mayr,477,10,4.0,null,null,null,null,0,0,0,4.5
183,ETL Básico com R,131,4,1,7.2022,Portuguese,1,0,69.90,1,5,32,7h 20m,Caio Avelino,"6,437",5,4.7,null,null,null,null,0,0,0,5.0
184,CRIANDO PAINÉIS de BI no OBIEE e na Linguagem R com SHINY,6,2,1,5.2020,Portuguese,1,1,279.90,1,2,71,6h 17m,Juracy Araujo de Almeida Junior,"10,824",54,4.3,null,null,null,null,0,0,0,2.3
185,Python & Deep learning | reconnaissance faciale,38,2,1,7.2021,French,1,1,699.90,1,1,21,4h 24m,steve Tsopte,"2,031",7,4.4,null,null,null,null,0,0,0,5.0
186,"Python ile Makine Öğrenmesi , Algoritmalar ve Yapay Zeka",36,2,1,11.2020,Turkish,1,0,105.90,1,13,163,8h 46m,Aiapii Team,"9,253",2,3.8,null,null,null,null,0,0,0,4.0
187,데이터사이언스 훈련소 - 입소하기,13,2,2,6.2022,Korean,1,0,179.90,0,2,17,2h 9m,Letuin EDU,197,10,4.9,넥스트플래그 nextflag,52,7,4.9,0,0,0,5.0
188,Big Data con Machine Learning,"1,191",2,1,12.2022,Spanish,1,1,69.90,1,5,5,50m total,Luis Guevara Matias,"19,523",427,3.4,null,null,null,null,0,0,0,2.0
189,"Mengenal Firebase untuk Pemrograman, Web Hosting, Database",6,2,1,4.2022,Indonesian,1,0,69.90,1,7,37,2h 58m,Jubilee Enterprise,"15,101",105,4.7,null,null,null,null,1,0,0,5.0
190,Estatística de A a Z com R: R para Análise de Dados e MAIS!,9,2,1,7.2022,Portuguese,1,1,139.90,0,4,50,8h 45m,Angelo Leonardo Pirrone Simões,249,1,3.2,null,null,null,null,1,0,0,3.2
191,2021 JSON ve Python ile JSON İşleme + Proje +PDF,21,2,1,3.2021,Turkish,1,0,69.90,1,3,17,1h 49m,Hasan Çağrı Güngör,484,6,4.2,null,null,null,null,0,0,0,3.7
192,データ分析シリーズ②-Pythonプログラミングの基礎と図形描画-,81,2,1,11.2021,Japanese,1,1,349.90,1,8,31,3h 31m,Trainocate Lecturers,"29,500",15,4.2,null,null,null,null,0,0,0,3.5
193,Transformer原理与代码精讲（PyTorch）,14,2,1,2.2022,Simplified Chinese,2,0,69.90,1,3,15,3h 3m,Frank BAI,178,23,4.3,null,null,null,null,0,0,0,4.0
194,Belajar Excel Hingga Mahir,2,2,1,7.2022,Indonesian,1,0,249.90,1,6,50,6h 29m,Cariilmu,"2,022",39,4.8,null,null,null,null,1,0,0,3.7
195,Minería de datos para Analistas,"1,595",2,1,12.2022,Spanish,1,1,69.90,1,5,5,33m total,Luis Guevara Matias,"19,523",427,3.4,null,null,null,null,0,0,0,2.4
196,"Data Science mit Python - Numpy, Pandas und Plotly",30,3,1,8.2021,German,1,1,209.90,1,3,50,10h 12m,Cedric Mössner,"21,368",42,4.0,null,null,null,null,0,0,0,5.0
197,데이터사이언스 훈련소 - DataFrame 다루기 및 시각화,11,2,2,6.2022,Korean,1,0,279.90,0,10,32,5h 32m,Letuin EDU,197,10,4.9,넥스트플래그 nextflag,52,7,4.9,0,0,0,4.8
198,Data Science pour l'analyse marketing et commerciale -Python,30,2,1,6.2022,French,1,1,279.90,1,12,82,24h 55m,Mohamed Abdou | Python,30,1,2.1,null,null,null,null,0,0,0,2.1
199,[OpenCV] 파이썬 딥러닝 영상처리 프로젝트 2 - 불량사과를 찾아라!,34,2,1,7.2022,Korean,1,0,319.90,1,14,60,11h 3m,Jonathan Suh,486,7,4.3,null,null,null,null,0,0,0,4.5
200,"파이썬으로 시작하는 데이터 사이언스, Colab으로 배우는 핵심 강의",32,2,1,9.2022,Korean,1,0,329.90,1,6,45,15h 54m,Jonathan Suh,486,7,4.3,null,null,null,null,0,0,0,5.0
201,豊富な演習問題とKaggle実践で身に付ける！『Python データ分析 & 機械学習 ～パーフェクトスターターコース』,105,3,1,11.2022,Japanese,1,1,699.90,1,14,138,18h 34m,Kaiki Fukunaga,359,3,4.6,null,null,null,null,0,0,0,5.0
202,Réseaux de neurones à partir de zéro,20,2,1,8.2022,French,1,1,179.90,1,8,27,5h 9m,Maxime Vandegar,"1,235",25,4.5,null,null,null,null,0,0,0,5.0
203,파이썬 웹서비스API 실전 프로젝트 - 돈 버는 디지털마케팅,28,1,1,7.2022,Korean,1,0,229.90,1,4,23,3h 25m,Jonathan Suh,486,7,4.3,null,null,null,null,0,0,0,5.0
204,Başlayanlara Yönelik Verimli MATLAB Eğitimi,2,1,1,9.2022,Turkish,1,0,69.90,1,5,9,5h 23m,Dişli Çark Eğitim,2,1,4.0,null,null,null,null,0,0,0,4.0
205,"Ciencia de los Datos - Aprenda con Python, Plotly y Leaflet",12,1,1,7.2021,Spanish,1,1,349.90,1,10,39,10h 7m,AulaGEO Academy,"21,991",125,4.0,null,null,null,null,0,0,0,3.0
206,YOLOv5实战垃圾分类目标检测,18,1,1,7.2021,Simplified Chinese,2,0,105.90,1,7,27,3h 58m,Frank BAI,178,23,4.3,null,null,null,null,0,0,0,4.5
207,Construa uma Arquitetura Lakehouse na Azure do Zero!,3,1,1,9.2022,Portuguese,1,0,69.90,1,3,11,2h 27m,Igor Lucci,25,2,4.7,null,null,null,null,0,0,0,5.0
208,AUTOML + ORANGE completo: analisando dados e modelos,31,1,2,6.2022,Portuguese,1,1,123.90,1,3,50,9h 14m,MSc Grimaldo Lopes | + 45.000 alunos de Oliveira,"46,770",165,4.4,Fernando Amaral,"166,872",55,4.6,0,0,0,4.0
209,Introducción a la visualización de datos en R con ggplot2,1,1,1,10.2022,Spanish,1,0,69.90,1,4,14,2h 47m,Raul Figueroa,1,1,5.0,null,null,null,null,0,0,0,5.0
210,UNet（TensorFlow2）图像语义分割实战：训练自己的数据集,12,1,1,1.2022,Simplified Chinese,2,0,105.90,1,6,13,2h 52m,Frank BAI,178,23,4.3,null,null,null,null,0,0,0,5.0
211,"Python para Data Science, Big Data y Machine Learning",17,1,1,1.2022,Spanish,1,1,179.90,1,9,53,5h 21m,Synergy Tecnologia,"4,180",11,4.6,null,null,null,null,1,0,0,4.0
212,Web Scraping : scraper n'importe quel site web avec Node js,8,1,1,12.2021,French,1,0,319.90,1,5,9,1h 41m,Henok Adeyama,8,1,3.0,null,null,null,null,0,0,0,3.0
213,Web Scraping : scraper n'importe quel site web avec Node js,8,1,1,12.2021,French,1,0,319.90,1,5,9,1h 41m,Henok Adeyama,8,1,3.0,null,null,null,null,0,0,0,3.0
214,Redes Neurais em termos simples (pensamento computacional),10,1,3,11.2022,Portuguese,1,0,69.90,1,3,9,1h 9m,Jorge Guerra Pires,"2,067",10,4.2,Jovem Pesquisador,621,3,3.7,0,0,0,5.0
215,Introduction à Nerf (Neural Radiance Fields),5,2,1,12.2022,French,1,0,349.90,1,10,57,10h 2m,Maxime Vandegar,"1,235",25,4.5,null,null,null,null,0,0,0,4.2
216,DeepLearning mit PyTorch und fastai für tabellarische Daten,33,1,1,5.2021,German,1,1,123.90,1,6,38,2h 43m,Bernhard Mayr,477,10,4.0,null,null,null,null,1,0,0,1.5
217,Fundamentos de Data Scientist con R,202,1,1,2.2022,Spanish,1,1,69.90,1,5,5,1h 11m,Luis Guevara Matias,"19,523",427,3.4,null,null,null,null,0,0,0,5.0
218,Transformer Modelle und Deep Learning,15,1,1,9.2021,German,1,0,69.90,1,7,14,1h 57m,Bernhard Mayr,477,10,4.0,null,null,null,null,0,0,0,3.0
219,Основы работы с данными для бизнес лидеров,1,1,1,11.2022,Russian,1,0,699.90,0,1,18,6h 59m,DELA Digital Era Leaders Academy,12,2,4.3,null,null,null,null,0,0,0,5.0
220,Bigdata con Elasticsearch,"1,115",2,1,10.2022,Spanish,1,1,69.90,1,5,5,44m total,Luis Guevara Matias,"19,523",427,3.4,null,null,null,null,0,0,0,3.2
221,ViT（Vision Transformer）原理与代码精讲,4,1,1,5.2022,Simplified Chinese,2,0,105.90,1,3,11,2h 59m,Frank BAI,178,23,4.3,null,null,null,null,0,0,0,5.0
222,Swin Transformer实战目标检测：训练自己的数据集,6,1,1,1.2022,Simplified Chinese,2,0,105.90,1,5,20,4h 5m,Frank BAI,178,23,4.3,null,null,null,null,0,0,0,5.0
223,Automatyzacja zadań w Pythonie,65,1,1,4.2021,Polish,1,0,349.90,1,6,43,6h 2m,Videopoint Grupa Helion,"26,837",87,4.3,null,null,null,null,0,0,0,4.0
224,YOLOv5目标检测之知识蒸馏实战,7,1,1,5.2022,Simplified Chinese,2,0,105.90,1,4,12,1h 38m,Frank BAI,178,23,4.3,null,null,null,null,0,0,0,5.0
225,Internet of Things (IoT),39,1,1,9.2022,Spanish,1,1,69.90,1,6,6,36m total,Luis Guevara Matias,"19,523",427,3.4,null,null,null,null,0,0,0,5.0
226,Big Data con Spark,"1,228",1,1,10.2022,Spanish,1,1,69.90,1,5,5,37m total,Luis Guevara Matias,"19,523",427,3.4,null,null,null,null,0,0,0,3.5
227,Машинное обучение: кластеризация и аномалии на Python,43,1,1,1.2022,Russian,1,0,349.90,1,9,67,7h 56m,Центр digital-профессий ITtensive,"2,264",22,4.0,null,null,null,null,1,0,0,5.0
228,"Python Course With Numpy, Pandas , Matplotlib (hindi)","1,000",1,1,12.2022,Hindi,1,0,89.90,1,2,14,7h 27m,shivendra chauhan,"2,076",4,4.5,null,null,null,null,0,0,0,5.0
229,Machine Learning dengan Python,3,1,1,7.2022,Indonesian,1,0,69.90,1,11,54,9h 0m,Herman Sihombing,3,2,4.5,null,null,null,null,0,0,0,4.5
230,Apprendre l'analyse et la visualisation de données en Python,7,1,1,12.2022,French,1,0,539.90,1,8,107,16h 47m,Dr. Mohammed MASTAFI,"3,973",9,4.4,null,null,null,null,0,0,0,5.0
231,Machine Learning : introduction aux Auto-encodeurs,13,1,1,3.2022,French,1,0,69.90,1,3,12,2h 8m,Maxime Vandegar,"1,235",25,4.5,null,null,null,null,0,0,0,5.0
232,APPRENTISSAGE DES STATISTIQUES AVEC JAMOVI [Français],3,1,1,8.2022,French,1,0,89.90,1,6,15,44m total,Yassine Karroumi,3,1,5.0,null,null,null,null,1,0,0,5.0
233,تعلم خوارزميات الذكاء الاصطناعى وتنبؤ البيانات بالويكا,7,1,1,1.2021,Arabic,1,0,89.90,1,4,14,2h 44m,Ahmed Abdullah,7,1,3.0,null,null,null,null,0,0,0,3.0
234,Data science pour le E-Business et le E-Marketing | 2023,17,1,2,1.2023,French,1,0,69.90,1,6,74,7h 34m,E-Learning Innovation | Formateur certifié (France),"6,419",26,4.4,Mohamed Borhen triki / Digit Talk,130,11,4.2,1,0,0,5.0
235,Fundamentos de Big Data,325,1,1,4.2022,Spanish,1,1,69.90,1,5,5,1h 29m,Luis Guevara Matias,"19,523",427,3.4,null,null,null,null,0,0,0,3.5
236,Machine Learning: cours avancé,6,2,1,11.2022,French,1,0,349.90,1,6,29,5h 4m,Maxime Vandegar,"1,235",25,4.5,null,null,null,null,0,0,0,4.2
237,Big data y analítica Digital,"1,116",2,1,8.2022,Spanish,1,1,69.90,1,5,5,51m total,Luis Guevara Matias,"19,523",427,3.4,null,null,null,null,0,0,0,3.3
238,Biblioteka OpenCV.,16,1,1,10.2022,Polish,1,0,679.90,1,13,20,5h 10m,Videopoint Grupa Helion,"26,837",87,4.3,null,null,null,null,0,0,0,5.0
239,Fundamentos y soluciones con BIG Data,"1,198",2,1,10.2022,Spanish,1,1,69.90,1,5,5,51m total,Luis Guevara Matias,"19,523",427,3.4,null,null,null,null,0,0,0,5.0
240,Computação Quântica com Python,13,1,1,10.2022,Portuguese,1,0,69.90,1,7,24,3h 32m,Neuraline Systems,19,2,2.2,null,null,null,null,0,0,0,4.0
241,Deep Learning para principiantes,204,1,1,4.2022,Spanish,1,1,69.90,1,5,5,1h 9m,Luis Guevara Matias,"19,523",427,3.4,null,null,null,null,0,0,0,1.0
242,Deep Dive in das fastai Deep Learning Framework,17,1,1,5.2021,German,1,0,123.90,1,6,42,3h 6m,Bernhard Mayr,477,10,4.0,null,null,null,null,0,0,0,5.0
243,Tensorflow für Python Programmierer,26,1,1,2.2021,German,1,1,123.90,1,9,32,8h 17m,Cedric Mössner,"21,368",42,4.0,null,null,null,null,0,0,0,5.0
244,Базовый Python,29,1,1,6.2020,Russian,1,0,349.90,1,14,63,5h 2m,Центр digital-профессий ITtensive,"2,264",22,4.0,null,null,null,null,1,1,0,4.0
245,AI - ML-NET (C#) الذكاء الاصطناعي,6,0,1,1.2022,Arabic,1,0,69.90,1,8,23,1h 58m,تكنو U,50,12,4.8,null,null,null,null,0,0,0,0.0
246,Machine Learning Básico Aplicado a Hidrocarburos,2,0,1,7.2022,Spanish,1,1,69.90,1,4,10,1h 29m,Gustavo Montenegro,7,2,4.0,null,null,null,null,1,0,0,0.0
247,빅데이터 분석 및 검색 시스템 구축을 위한 엘라스틱서치,0,0,1,11.2022,Korean,1,0,429.90,1,10,100,4h 49m,현대C&R 하이인재원,84,56,4.0,null,null,null,null,0,0,0,0.0
248,"TensorFlow esencial, Función y Aplicación",9,0,1,2.2022,Spanish,1,1,399.90,1,10,58,4h 2m,Synergy Tecnologia,"4,180",11,4.6,null,null,null,null,0,0,0,0.0
249,Decodificando o Python: Do básico ao Intermediário,0,0,1,12.2022,Portuguese,1,0,69.90,1,7,25,3h 38m,Codifiquei Oficial,--,1,--,null,null,null,null,0,0,0,0.0
250,Análise de Dados na Prática com R Studio Nível Básico,3,0,1,10.2021,Portuguese,1,1,539.90,1,2,25,4h 50m,Quadrivium Academic,"1,275",5,4.6,null,null,null,null,1,0,0,0.0
251,"파이썬(Python) 딥러닝(Deep Learning,DL) 프로젝트 - DNN, CNN, RNN 모델 실무",1,0,1,12.2022,Korean,1,0,349.90,0,9,24,4h 32m,마소캠퍼스 머니매그넷,"2,064",50,4.7,null,null,null,null,0,0,0,0.0
252,파이썬 기초부터 활용까지,2,0,1,11.2022,Korean,1,0,459.90,1,15,135,6h 35m,현대C&R 하이인재원,84,56,4.0,null,null,null,null,0,0,0,0.0
253,Introdução ao Processamento de Sinais Biomédicos em Python,12,0,1,9.2022,Portuguese,1,0,89.90,1,4,16,12h 25m,Jefferson Silva Almeida,358,9,4.2,null,null,null,null,0,0,0,0.0
254,DeepLabv3+（PyTorch）图像语义分割：训练自己的数据集,5,0,1,1.2022,Simplified Chinese,2,0,105.90,1,6,10,1h 48m,Frank BAI,178,23,4.3,null,null,null,null,0,0,0,0.0
255,빅데이터 분석을 위한 Hadoop(하둡) 프로그래밍 제대로 배우기 기초,0,0,1,11.2022,Korean,1,0,69.90,1,1,11,1h 25m,ITGO 아이티고,"5,705",272,4.7,null,null,null,null,0,0,0,0.0
256,IOT y las nuevas tecnologías,931,0,1,8.2022,Spanish,1,1,69.90,1,5,5,55m total,Luis Guevara Matias,"19,523",427,3.4,null,null,null,null,0,0,0,0.0
257,Statistical Average,0,0,1,12.2022,Hindi,1,0,69.90,1,1,18,10h 41m,Dr. Mohd Saifi Anwar,2,31,--,null,null,null,null,0,0,0,0.0
258,Fundamentos de Druid,722,0,1,11.2022,Spanish,1,1,69.90,1,5,5,38m total,Luis Guevara Matias,"19,523",427,3.4,null,null,null,null,0,0,0,0.0
259,[라즈베리파이] IoT 딥러닝 Computer Vision 실전 프로젝트,46,0,1,7.2022,Korean,1,0,399.90,1,12,60,10h 48m,Jonathan Suh,486,7,4.3,null,null,null,null,0,0,0,0.0
260,Excel   - Fórmulas & Macros & VBA,2,0,1,5.2021,Portuguese,1,1,69.90,1,2,75,5h 25m,Ben-hur Demetrius,"14,275",62,4.4,null,null,null,null,0,0,0,0.0
261,Pandas: cours accéléré pour débutant,1,0,1,10.2022,French,1,0,123.90,1,3,11,1h 21m,Maxime Vandegar,"1,235",25,4.5,null,null,null,null,0,0,0,0.0
262,Alteryx TRIFACTA -Preparação de Dados- explorer e ajustes,13,0,1,1.2023,Portuguese,1,0,69.90,1,1,20,2h 34m,MSc Grimaldo Lopes | + 45.000 alunos de Oliveira,"46,770",165,4.4,null,null,null,null,0,0,0,0.0
263,Grundlagen der Statistik | Einführung in die Statistik,4,0,2,12.2022,German,1,0,179.90,1,11,23,7h 0m,Innside Statistics UG,4,1,--,Prof. Dr. Daniel Schnitzlein,4,1,--,1,0,0,0.0
264,사례로 알아보는 AI Transformation 기술,0,0,1,11.2022,Korean,1,0,429.90,1,10,111,4h 20m,현대C&R 하이인재원,84,56,4.0,null,null,null,null,0,0,0,0.0
265,Python Docx de Iniciante a Vencedor,4,0,1,12.2022,Portuguese,1,0,329.90,1,1,23,5h 48m,Hugo Ferro,"1,371",10,4.7,null,null,null,null,0,0,0,0.0
266,"파이썬(Python) 딥러닝(Deep Learning,DL) 프로젝트 - Flask 웹 서빙 CNN 프로젝트",1,0,1,12.2022,Korean,1,0,429.90,0,8,21,2h 36m,마소캠퍼스 머니매그넷,"2,064",50,4.7,null,null,null,null,0,0,0,0.0
267,เรียน Python for Data Science ฉบับตั้งไข่ เรียนง่ายเป็นเร็ว,27,2,1,9.2022,Thai,1,0,499.90,1,5,59,7h 1m,Todsapon Banklongsi,917,20,4.6,null,null,null,null,0,0,0,4.8
268,Fortgeschrittener R-Analyst - next Level R Programmierung,1,0,1,12.2021,German,1,0,349.90,0,5,28,8h 2m,Christian Müller-Kett,187,5,4.6,null,null,null,null,0,0,0,0.0
269,Анализ временных рядов на Python,0,0,1,12.2022,Russian,1,0,639.90,1,11,36,3h 58m,Центр digital-профессий ITtensive,"2,264",22,4.0,null,null,null,null,1,0,0,0.0
270,TensorFlow로 배우는 심층 강화학습 입문 - Deep Reinforcement Learning,1,1,1,12.2022,Korean,1,0,349.90,0,6,32,5h 20m,AISchool 에이아이스쿨,70,4,4.8,null,null,null,null,0,0,0,5.0
271,用Kedro构建完整数据科学管道,0,0,1,12.2022,Simplified Chinese,2,0,399.90,1,4,21,2h 10m,BUJIE XU,--,1,--,null,null,null,null,0,0,0,0.0
272,"파이썬(Python) 딥러닝(Deep Learning,DL) 프로젝트 - 기초 수학과 모델링 원리",1,0,1,12.2022,Korean,1,0,319.90,0,7,31,2h 58m,마소캠퍼스 머니매그넷,"2,064",50,4.7,null,null,null,null,0,0,0,0.0
273,Databricks Delta Lake + APACHE HOP: Carga e Dados,6,0,1,10.2022,Portuguese,1,0,69.90,1,3,64,9h 57m,MSc Grimaldo Lopes | + 45.000 alunos de Oliveira,"46,770",165,4.4,null,null,null,null,0,0,0,0.0
274,Data Visualization dengan Menggunakan Matplotlib dan Plotly,1,0,1,3.2022,Indonesian,1,0,105.90,1,9,45,3h 6m,Jubilee Enterprise,"15,101",105,4.7,null,null,null,null,1,0,0,0.0
275,数据科学和商业分析中的统计学基础,8,0,2,8.2022,Simplified Chinese,2,1,539.90,1,18,92,4h 48m,365 Careers,"2,203,543",91,4.6,Transvidio Inc.,"7,616",27,4.6,1,0,0,0.0
276,파이썬으로 배우는 실무 데이터 분석,8,2,1,12.2022,Korean,1,0,349.90,1,5,30,5h 0m,SUMIN WOO,8,1,5.0,null,null,null,null,0,0,0,5.0
277,Fundamentos para Machine Learning,224,0,1,4.2022,Spanish,1,1,69.90,1,5,5,1h 4m,Luis Guevara Matias,"19,523",427,3.4,null,null,null,null,0,0,0,0.0
278,Kursus Statistika SPSS untuk Jago Mengolah Data,17,0,1,1.2023,Indonesian,1,0,123.90,1,12,12,4h 45m,Coding Studio,98,22,4.8,null,null,null,null,1,0,0,0.0
279,Visualização de dados utilizando o R,7,0,1,8.2022,Portuguese,1,1,69.90,1,5,21,9h 0m,Leonardo de Azevedo Peixoto,7,1,--,null,null,null,null,0,0,0,0.0
280,اساسيات الذكاء الاصطناعي من الصفر,0,0,1,10.2022,Arabic,1,0,69.90,1,7,32,45m total,Omar Maher,--,1,--,null,null,null,null,1,0,0,0.0
281,Menguasai Fundamental Data Science,26,0,1,12.2022,Indonesian,1,0,259.90,1,1,24,3h 30m,Coding Studio,98,22,4.8,null,null,null,null,0,0,0,0.0
282,처음 배우는 딥러닝(Deep Learning),3,0,1,11.2022,Korean,1,0,449.90,1,10,72,3h 37m,현대C&R 하이인재원,84,56,4.0,null,null,null,null,0,0,0,0.0
283,Deep learning in Arabic,0,0,1,12.2022,Arabic,1,0,69.90,1,2,10,2h 50m,Ahmed Elesawy,"50,595",12,4.4,null,null,null,null,0,0,0,0.0
284,Inteligencia Artificial para Salud,"1,362",0,1,12.2022,Spanish,1,1,69.90,1,5,5,35m total,Luis Guevara Matias,"19,523",427,3.4,null,null,null,null,0,0,0,0.0
285,Fundamentos de ciencias de la información,181,0,1,2.2022,Spanish,1,1,69.90,1,5,5,1h 9m,Luis Guevara Matias,"19,523",427,3.4,null,null,null,null,0,0,0,0.0
286,MATLAB: Mühendisliğe Giriş Eğitim Seti,0,0,1,2.2022,Turkish,1,0,123.90,1,2,7,1h 34m,Muhammet Furkan Ata,22,3,4.1,null,null,null,null,0,0,0,0.0
287,내손으로 자연어처리 with Python | 감정분류와 포털뉴스 검색 프로젝트,5,0,1,11.2022,Korean,1,0,199.90,1,3,9,2h 54m,코딩엑스 AI,150,4,4.7,null,null,null,null,0,0,0,0.0
288,Swin Transformer实战实例分割：训练自己的数据集,4,0,1,1.2022,Simplified Chinese,2,0,105.90,1,5,19,3h 32m,Frank BAI,178,23,4.3,null,null,null,null,0,0,0,0.0
289,Automação de documentos com Docassemble,0,0,1,10.2022,Portuguese,1,0,69.90,1,3,14,1h 35m,Thiago Diniz,--,1,--,null,null,null,null,0,0,0,0.0
290,Swin Transformer实战实例分割：训练自己的数据集,4,0,1,1.2022,Simplified Chinese,2,0,105.90,1,5,19,3h 32m,Frank BAI,178,23,4.3,null,null,null,null,0,0,0,0.0
291,텐서플로로 배우는 딥러닝,3,0,1,11.2022,Korean,1,0,449.90,1,10,69,5h 30m,현대C&R 하이인재원,84,56,4.0,null,null,null,null,0,0,0,0.0
292,Основы генетических алгоритмов,7,0,1,12.2021,Russian,1,0,69.90,1,2,11,1h 49m,Roman Dushkin,994,24,4.0,null,null,null,null,0,0,0,0.0
293,Machine Learning et classification binaire avec ML .NET C#,2,0,1,6.2022,French,1,0,159.90,1,1,10,33m total,Gérald Actus,47,2,3.8,null,null,null,null,0,0,0,0.0
294,MLops + ORANGE completo: modelos machine learning,36,0,2,6.2022,Portuguese,1,1,123.90,1,7,45,8h 45m,MSc Grimaldo Lopes | + 45.000 alunos de Oliveira,"46,770",165,4.4,Fernando Amaral,"166,872",55,4.6,0,0,0,0.0
295,Data Science con Python - Elaborare e Visualizzare Dati,4,0,1,11.2022,Italian,1,0,89.90,1,13,63,2h 56m,Michael Saccol,672,7,3.7,null,null,null,null,0,0,0,0.0
296,Основы биоинформатики,5,1,1,8.2021,Russian,1,0,69.90,1,1,17,2h 45m,Roman Dushkin,994,24,4.0,null,null,null,null,0,0,0,3.0
297,【デジタル社会の「読み・書き・そろばん」】AI・データサイエンストレンド2022,0,0,1,3.2022,Japanese,1,0,105.90,1,1,10,41m total,三谷 慶一郎,338,5,4.2,null,null,null,null,0,0,0,0.0
298,Algoritmos y estructura de Datos,221,0,1,9.2022,Spanish,1,1,69.90,1,5,5,34m total,Luis Guevara Matias,"19,523",427,3.4,null,null,null,null,0,0,0,0.0
299,Introdução a ciência de dados com Python,1,0,1,12.2022,Portuguese,1,0,69.90,1,10,40,9h 7m,Eder Fernandes | Infoprojetek,31,2,4.8,null,null,null,null,0,0,0,0.0
300,PyTorch(파이토치)로 딥러닝 제대로 배우기 - 초급,1,0,1,11.2022,Korean,1,0,259.90,1,2,22,12h 45m,ITGO 아이티고,"5,705",272,4.7,null,null,null,null,0,0,0,0.0
301,Python Matplotlib Tutorial in Hindi,0,0,1,5.2022,Hindi,1,0,139.90,1,1,11,4h 7m,Sharad Khare,276,5,4.2,null,null,null,null,0,0,0,0.0
302,"파이썬(Python) 딥러닝(Deep Learning,DL) 프로젝트 - 딥러닝 모델 입문",1,0,1,12.2022,Korean,1,0,319.90,0,12,36,3h 39m,마소캠퍼스 머니매그넷,"2,064",50,4.7,null,null,null,null,0,0,0,0.0
303,AI 人工智能-快速入门课 2022,2,0,1,5.2022,Simplified Chinese,2,0,299.90,1,6,25,6h 38m,赵辛 赵,2,2,--,null,null,null,null,0,0,0,0.0
304,Pelatihan Data Science dengan Deep Learning dan Python,3,0,1,8.2022,Indonesian,1,0,399.90,1,6,56,7h 10m,Agus Kurniawan,"2,286",28,3.9,null,null,null,null,0,0,0,0.0
305,IT개발자들을 위한 블록체인 개발 입문(Solidity를 이용한 이더리움 스마트계약 구현),1,0,1,11.2022,Korean,1,0,459.90,1,10,102,4h 42m,현대C&R 하이인재원,84,56,4.0,null,null,null,null,0,0,0,0.0
306,AlphaZeroの意外な構造　またはAlphaGoは如何にして棋譜データの利用を止めて自分の経験に頼るようになったか,19,0,1,11.2022,Japanese,1,0,559.90,1,8,106,4h 55m,内山 充康,"3,033",9,3.9,null,null,null,null,0,1,0,0.0
307,خوارزميات التنقيب في البيانات,0,0,1,12.2021,Arabic,1,0,69.90,1,3,12,51m total,Samah Mohamed Osman Hassan,"2,614",3,3.9,null,null,null,null,0,0,0,0.0
308,처음 배우는 머신러닝(Machine Learning),2,0,1,12.2022,Korean,1,0,429.90,1,4,60,3h 55m,현대C&R 하이인재원,84,56,4.0,null,null,null,null,0,0,0,0.0
